id,firstname,lastname,email,phone
100,Gusella,Dorine,Gusella.Dorine@yopmail.com,5559621231
101,Marline,Dichy,Marline.Dichy@yopmail.com,5559878594
102,Emylee,Sheng,Emylee.Sheng@yopmail.com,5560135957
103,Pierette,Aloise,Pierette.Aloise@yopmail.com,5560393320
104,Gale,Ventre,Gale.Ventre@yopmail.com,5560650683
105,Diena,Lumbard,Diena.Lumbard@yopmail.com,5560908046
106,Jemie,Brodench,Jemie.Brodench@yopmail.com,5561165409
107,Shel,Chinua,Shel.Chinua@yopmail.com,5561422772
108,Nannie,Wallis,Nannie.Wallis@yopmail.com,5561680135
109,Edith,Hepsibah,Edith.Hepsibah@yopmail.com,5561937498
110,Di,Glenden,Di.Glenden@yopmail.com,5562194861
111,Mignon,Schroth,Mignon.Schroth@yopmail.com,5562452224
112,Romona,Eldrid,Romona.Eldrid@yopmail.com,5562709587
113,Angela,Giule,Angela.Giule@yopmail.com,5562966950
114,Mary,Juan,Mary.Juan@yopmail.com,5563224313
115,Dennie,Maroney,Dennie.Maroney@yopmail.com,5563481676
116,Robbi,Glovsky,Robbi.Glovsky@yopmail.com,5563739039
117,Tamqrah,Horan,Tamqrah.Horan@yopmail.com,5563996402
118,Olivette,Horan,Olivette.Horan@yopmail.com,5564253765
119,Myriam,Smitt,Myriam.Smitt@yopmail.com,5564511128
120,Jackie,Candy,Jackie.Candy@yopmail.com,5564768491
121,Allyce,Llovera,Allyce.Llovera@yopmail.com,5565025854
122,Catrina,Freddi,Catrina.Freddi@yopmail.com,5565283217
123,Jere,Brady,Jere.Brady@yopmail.com,5565540580
124,Leanna,Pearse,Leanna.Pearse@yopmail.com,5565797943
125,Ariela,Lipson,Ariela.Lipson@yopmail.com,5566055306
126,Larine,Jagir,Larine.Jagir@yopmail.com,5566312669
127,Diena,Merell,Diena.Merell@yopmail.com,5566570032
128,Adore,Thar,Adore.Thar@yopmail.com,5566827395
129,Theodora,Rugen,Theodora.Rugen@yopmail.com,5567084758
130,Quintina,Dunkin,Quintina.Dunkin@yopmail.com,5567342121
131,Roslyn,Jobi,Roslyn.Jobi@yopmail.com,5567599484
132,Adriana,Lory,Adriana.Lory@yopmail.com,5567856847
133,Brynna,Bonilla,Brynna.Bonilla@yopmail.com,5568114210
134,Tracey,Pearse,Tracey.Pearse@yopmail.com,5568371573
135,Rayna,Eben,Rayna.Eben@yopmail.com,5568628936
136,Noelle,Cimbura,Noelle.Cimbura@yopmail.com,5568886299
137,Cassondra,Letsou,Cassondra.Letsou@yopmail.com,5569143662
138,Consuela,Masao,Consuela.Masao@yopmail.com,5569401025
139,Joceline,Mich,Joceline.Mich@yopmail.com,5569658388
140,Karina,Weitman,Karina.Weitman@yopmail.com,5569915751
141,Libbie,Croix,Libbie.Croix@yopmail.com,5570173114
142,Jasmina,Lytton,Jasmina.Lytton@yopmail.com,5570430477
143,Tonia,Zeeba,Tonia.Zeeba@yopmail.com,5570687840
144,Lily,Honoria,Lily.Honoria@yopmail.com,5570945203
145,Orelia,Malanie,Orelia.Malanie@yopmail.com,5571202566
146,Leona,Fancie,Leona.Fancie@yopmail.com,5571459929
147,Gwyneth,Artie,Gwyneth.Artie@yopmail.com,5571717292
148,Shirlee,Gerge,Shirlee.Gerge@yopmail.com,5571974655
149,Wynne,Eiser,Wynne.Eiser@yopmail.com,5572232018
150,Sean,Kronfeld,Sean.Kronfeld@yopmail.com,5572489381
151,Raf,Kendrick,Raf.Kendrick@yopmail.com,5572746744
152,Korrie,Horan,Korrie.Horan@yopmail.com,5573004107
153,Dorothy,Quent,Dorothy.Quent@yopmail.com,5573261470
154,Ashlee,Jacinda,Ashlee.Jacinda@yopmail.com,5573518833
155,Marinna,Westphal,Marinna.Westphal@yopmail.com,5573776196
156,Britni,Marisa,Britni.Marisa@yopmail.com,5574033559
157,Ricky,Jeanne,Ricky.Jeanne@yopmail.com,5574290922
158,Myriam,Howlyn,Myriam.Howlyn@yopmail.com,5574548285
159,Jsandye,Erich,Jsandye.Erich@yopmail.com,5574805648
160,Joceline,Schonfeld,Joceline.Schonfeld@yopmail.com,5575063011
161,Bobbi,Kimmie,Bobbi.Kimmie@yopmail.com,5575320374
162,Leona,Longfellow,Leona.Longfellow@yopmail.com,5575577737
163,Valli,Ferrell,Valli.Ferrell@yopmail.com,5575835100
164,Camile,Land,Camile.Land@yopmail.com,5576092463
165,Vivia,Zamora,Vivia.Zamora@yopmail.com,5576349826
166,Zsa Zsa,Edvard,Zsa Zsa.Edvard@yopmail.com,5576607189
167,Janey,Koehler,Janey.Koehler@yopmail.com,5576864552
168,Brandise,Annabella,Brandise.Annabella@yopmail.com,5577121915
169,Tracey,Prober,Tracey.Prober@yopmail.com,5577379278
170,Jennica,Delacourt,Jennica.Delacourt@yopmail.com,5577636641
171,Raquela,Sheedy,Raquela.Sheedy@yopmail.com,5577894004
172,Sabina,Ephrem,Sabina.Ephrem@yopmail.com,5578151367
173,Valera,Gahl,Valera.Gahl@yopmail.com,5578408730
174,Netty,Virgin,Netty.Virgin@yopmail.com,5578666093
175,Kaia,Katrine,Kaia.Katrine@yopmail.com,5578923456
176,Harmonia,Montgomery,Harmonia.Montgomery@yopmail.com,5579180819
177,Cyb,Cherianne,Cyb.Cherianne@yopmail.com,5579438182
178,Darci,Madelene,Darci.Madelene@yopmail.com,5579695545
179,Shandie,Buffum,Shandie.Buffum@yopmail.com,5579952908
180,Angelique,Noam,Angelique.Noam@yopmail.com,5580210271
181,Kamilah,Gino,Kamilah.Gino@yopmail.com,5580467634
182,Gaylene,Gavrila,Gaylene.Gavrila@yopmail.com,5580724997
183,Tressa,Howlyn,Tressa.Howlyn@yopmail.com,5580982360
184,Daryl,My,Daryl.My@yopmail.com,5581239723
185,Vinita,Genna,Vinita.Genna@yopmail.com,5581497086
186,Nickie,Eliathas,Nickie.Eliathas@yopmail.com,5581754449
187,Abbie,Sisile,Abbie.Sisile@yopmail.com,5582011812
188,Randa,Dreda,Randa.Dreda@yopmail.com,5582269175
189,Mariann,Gregrory,Mariann.Gregrory@yopmail.com,5582526538
190,Oona,Thad,Oona.Thad@yopmail.com,5582783901
191,Jean,Garbe,Jean.Garbe@yopmail.com,5583041264
192,Tracey,Berard,Tracey.Berard@yopmail.com,5583298627
193,Kaia,Redmond,Kaia.Redmond@yopmail.com,5583555990
194,Roxane,Oriana,Roxane.Oriana@yopmail.com,5583813353
195,Ayn,Jefferey,Ayn.Jefferey@yopmail.com,5584070716
196,Max,Stacy,Max.Stacy@yopmail.com,5584328079
197,Georgetta,Felizio,Georgetta.Felizio@yopmail.com,5584585442
198,Bibby,Norrie,Bibby.Norrie@yopmail.com,5584842805
199,Vanessa,Gemini,Vanessa.Gemini@yopmail.com,5585100168
200,Deedee,Stanwood,Deedee.Stanwood@yopmail.com,5585357531
201,Tressa,Albertine,Tressa.Albertine@yopmail.com,5585614894
202,Jan,Tippets,Jan.Tippets@yopmail.com,5585872257
203,Caryl,Salchunas,Caryl.Salchunas@yopmail.com,5586129620
204,Theodora,Fulmer,Theodora.Fulmer@yopmail.com,5586386983
205,Calla,Velick,Calla.Velick@yopmail.com,5586644346
206,Cristine,Alice,Cristine.Alice@yopmail.com,5586901709
207,Gale,Lacombe,Gale.Lacombe@yopmail.com,5587159072
208,Melina,Llovera,Melina.Llovera@yopmail.com,5587416435
209,Shannah,Schalles,Shannah.Schalles@yopmail.com,5587673798
210,Frieda,Han,Frieda.Han@yopmail.com,5587931161
211,Caryl,Love,Caryl.Love@yopmail.com,5588188524
212,Netty,Sharl,Netty.Sharl@yopmail.com,5588445887
213,Carolina,Aida,Carolina.Aida@yopmail.com,5588703250
214,Correy,Federica,Correy.Federica@yopmail.com,5588960613
215,Caressa,Croix,Caressa.Croix@yopmail.com,5589217976
216,Benita,Center,Benita.Center@yopmail.com,5589475339
217,Ethel,Vins,Ethel.Vins@yopmail.com,5589732702
218,Lonnie,Angelis,Lonnie.Angelis@yopmail.com,5589990065
219,Agnese,Sasnett,Agnese.Sasnett@yopmail.com,5590247428
220,Kathi,Wind,Kathi.Wind@yopmail.com,5590504791
221,Courtnay,Ralfston,Courtnay.Ralfston@yopmail.com,5590762154
222,Aurore,Redmond,Aurore.Redmond@yopmail.com,5591019517
223,Mariann,Ardeha,Mariann.Ardeha@yopmail.com,5591276880
224,Edee,Oneida,Edee.Oneida@yopmail.com,5591534243
225,Nataline,Truc,Nataline.Truc@yopmail.com,5591791606
226,Rebeca,Evvie,Rebeca.Evvie@yopmail.com,5592048969
227,Averyl,Randene,Averyl.Randene@yopmail.com,5592306332
228,Angelique,Yuille,Angelique.Yuille@yopmail.com,5592563695
229,Iseabal,Meter,Iseabal.Meter@yopmail.com,5592821058
230,Oona,Fairweather,Oona.Fairweather@yopmail.com,5593078421
231,Cristine,Kare,Cristine.Kare@yopmail.com,5593335784
232,Lacie,Erich,Lacie.Erich@yopmail.com,5593593147
233,Andeee,Byrne,Andeee.Byrne@yopmail.com,5593850510
234,Catrina,Abernon,Catrina.Abernon@yopmail.com,5594107873
235,Annora,Tice,Annora.Tice@yopmail.com,5594365236
236,Benita,McAdams,Benita.McAdams@yopmail.com,5594622599
237,Celisse,Ludewig,Celisse.Ludewig@yopmail.com,5594879962
238,Audrie,Koziara,Audrie.Koziara@yopmail.com,5595137325
239,Joy,Blase,Joy.Blase@yopmail.com,5595394688
240,Jordan,Tacye,Jordan.Tacye@yopmail.com,5595652051
241,Marline,Esmaria,Marline.Esmaria@yopmail.com,5595909414
242,Beatriz,Imelida,Beatriz.Imelida@yopmail.com,5596166777
243,Claresta,Turne,Claresta.Turne@yopmail.com,5596424140
244,Lenna,Screens,Lenna.Screens@yopmail.com,5596681503
245,Ilse,Nedrud,Ilse.Nedrud@yopmail.com,5596938866
246,Christian,Stuart,Christian.Stuart@yopmail.com,5597196229
247,Suzette,Therine,Suzette.Therine@yopmail.com,5597453592
248,Loree,Ivens,Loree.Ivens@yopmail.com,5597710955
249,Pierette,Alrich,Pierette.Alrich@yopmail.com,5597968318
250,Ulrike,Shuler,Ulrike.Shuler@yopmail.com,5598225681
251,Jorry,Armanda,Jorry.Armanda@yopmail.com,5598483044
252,Myriam,Gilbertson,Myriam.Gilbertson@yopmail.com,5598740407
253,Damaris,Fillbert,Damaris.Fillbert@yopmail.com,5598997770
254,Tamqrah,Brunell,Tamqrah.Brunell@yopmail.com,5599255133
255,Aigneis,Eachern,Aigneis.Eachern@yopmail.com,5599512496
256,Peri,Vary,Peri.Vary@yopmail.com,5599769859
257,Sharai,Raychel,Sharai.Raychel@yopmail.com,5600027222
258,Emilia,Sundin,Emilia.Sundin@yopmail.com,5600284585
259,Carlie,Lea,Carlie.Lea@yopmail.com,5600541948
260,Jordan,Buttaro,Jordan.Buttaro@yopmail.com,5600799311
261,Margarette,Raimondo,Margarette.Raimondo@yopmail.com,5601056674
262,Andree,Ezar,Andree.Ezar@yopmail.com,5601314037
263,Elsie,Jary,Elsie.Jary@yopmail.com,5601571400
264,Brena,Rosemary,Brena.Rosemary@yopmail.com,5601828763
265,Antonietta,Vilma,Antonietta.Vilma@yopmail.com,5602086126
266,Valera,Kiersten,Valera.Kiersten@yopmail.com,5602343489
267,Inga,LaRue,Inga.LaRue@yopmail.com,5602600852
268,Alexine,Zola,Alexine.Zola@yopmail.com,5602858215
269,Lyssa,Solitta,Lyssa.Solitta@yopmail.com,5603115578
270,Babita,Luhe,Babita.Luhe@yopmail.com,5603372941
271,Ricky,Irmine,Ricky.Irmine@yopmail.com,5603630304
272,Rhea,Sawtelle,Rhea.Sawtelle@yopmail.com,5603887667
273,Peri,Arquit,Peri.Arquit@yopmail.com,5604145030
274,Marline,Wenda,Marline.Wenda@yopmail.com,5604402393
275,Raina,Gino,Raina.Gino@yopmail.com,5604659756
276,Dorothy,Raama,Dorothy.Raama@yopmail.com,5604917119
277,Lulita,Talia,Lulita.Talia@yopmail.com,5605174482
278,Kore,Henebry,Kore.Henebry@yopmail.com,5605431845
279,Selia,Bearnard,Selia.Bearnard@yopmail.com,5605689208
280,Lucy,Herrera,Lucy.Herrera@yopmail.com,5605946571
281,Aryn,Demitria,Aryn.Demitria@yopmail.com,5606203934
282,Chandra,Jagir,Chandra.Jagir@yopmail.com,5606461297
283,Mildrid,Zetta,Mildrid.Zetta@yopmail.com,5606718660
284,Shirlee,Urias,Shirlee.Urias@yopmail.com,5606976023
285,Tori,Ammann,Tori.Ammann@yopmail.com,5607233386
286,Grier,Felizio,Grier.Felizio@yopmail.com,5607490749
287,June,Hamil,June.Hamil@yopmail.com,5607748112
288,Adriana,Lareena,Adriana.Lareena@yopmail.com,5608005475
289,Shauna,Bonilla,Shauna.Bonilla@yopmail.com,5608262838
290,Reeba,Jobi,Reeba.Jobi@yopmail.com,5608520201
291,Melina,Ricki,Melina.Ricki@yopmail.com,5608777564
292,Gratia,Han,Gratia.Han@yopmail.com,5609034927
293,Netty,Chapland,Netty.Chapland@yopmail.com,5609292290
294,Damaris,Blisse,Damaris.Blisse@yopmail.com,5609549653
295,Kirbee,Saree,Kirbee.Saree@yopmail.com,5609807016
296,Juliane,Allys,Juliane.Allys@yopmail.com,5610064379
297,Alleen,Harriman,Alleen.Harriman@yopmail.com,5610321742
298,Viki,Flita,Viki.Flita@yopmail.com,5610579105
299,Beatriz,Cookie,Beatriz.Cookie@yopmail.com,5610836468
300,Tera,Bettine,Tera.Bettine@yopmail.com,5611093831
301,Lizzie,Orpah,Lizzie.Orpah@yopmail.com,5611351194
302,Coral,Harl,Coral.Harl@yopmail.com,5611608557
303,Barbi,Tremayne,Barbi.Tremayne@yopmail.com,5611865920
304,Alyda,Tillford,Alyda.Tillford@yopmail.com,5612123283
305,Annaliese,Codding,Annaliese.Codding@yopmail.com,5612380646
306,Edith,Chabot,Edith.Chabot@yopmail.com,5612638009
307,Sarette,Pulsifer,Sarette.Pulsifer@yopmail.com,5612895372
308,Dulcinea,Daniele,Dulcinea.Daniele@yopmail.com,5613152735
309,Ninnetta,Garbe,Ninnetta.Garbe@yopmail.com,5613410098
310,Gerianna,Girardo,Gerianna.Girardo@yopmail.com,5613667461
311,Darlleen,Schalles,Darlleen.Schalles@yopmail.com,5613924824
312,Rori,Posner,Rori.Posner@yopmail.com,5614182187
313,Gabi,O'Neill,Gabi.O'Neill@yopmail.com,5614439550
314,Averyl,Shama,Averyl.Shama@yopmail.com,5614696913
315,Gwenneth,Lunsford,Gwenneth.Lunsford@yopmail.com,5614954276
316,Gwyneth,Chrystel,Gwyneth.Chrystel@yopmail.com,5615211639
317,Ira,Therine,Ira.Therine@yopmail.com,5615469002
318,Janenna,Shelba,Janenna.Shelba@yopmail.com,5615726365
319,Thalia,Heidt,Thalia.Heidt@yopmail.com,5615983728
320,Dode,Screens,Dode.Screens@yopmail.com,5616241091
321,Nita,Kravits,Nita.Kravits@yopmail.com,5616498454
322,Peri,Wind,Peri.Wind@yopmail.com,5616755817
323,Hope,Liva,Hope.Liva@yopmail.com,5617013180
324,Meg,Genna,Meg.Genna@yopmail.com,5617270543
325,Kathi,McNully,Kathi.McNully@yopmail.com,5617527906
326,Shaylyn,Schwejda,Shaylyn.Schwejda@yopmail.com,5617785269
327,Lauryn,Isidore,Lauryn.Isidore@yopmail.com,5618042632
328,Trixi,Levey,Trixi.Levey@yopmail.com,5618299995
329,Merci,Mike,Merci.Mike@yopmail.com,5618557358
330,Willetta,Seagraves,Willetta.Seagraves@yopmail.com,5618814721
331,Beatriz,Bates,Beatriz.Bates@yopmail.com,5619072084
332,Keelia,Blisse,Keelia.Blisse@yopmail.com,5619329447
333,Riannon,Amand,Riannon.Amand@yopmail.com,5619586810
334,Laurene,Fax,Laurene.Fax@yopmail.com,5619844173
335,Ana,Gwenore,Ana.Gwenore@yopmail.com,5620101536
336,Maisey,Arvo,Maisey.Arvo@yopmail.com,5620358899
337,Paule,Linskey,Paule.Linskey@yopmail.com,5620616262
338,Allyce,Charmine,Allyce.Charmine@yopmail.com,5620873625
339,Tierney,Munn,Tierney.Munn@yopmail.com,5621130988
340,Aurore,Shuler,Aurore.Shuler@yopmail.com,5621388351
341,Alyssa,Mich,Alyssa.Mich@yopmail.com,5621645714
342,Deirdre,Ferrell,Deirdre.Ferrell@yopmail.com,5621903077
343,Mireielle,Ulphia,Mireielle.Ulphia@yopmail.com,5622160440
344,Fidelia,Hilbert,Fidelia.Hilbert@yopmail.com,5622417803
345,Sallie,Lamoree,Sallie.Lamoree@yopmail.com,5622675166
346,Queenie,Linehan,Queenie.Linehan@yopmail.com,5622932529
347,Krystle,Iphlgenia,Krystle.Iphlgenia@yopmail.com,5623189892
348,Ricky,Muriel,Ricky.Muriel@yopmail.com,5623447255
349,Lexine,Reidar,Lexine.Reidar@yopmail.com,5623704618
350,Cyndie,Mauer,Cyndie.Mauer@yopmail.com,5623961981
351,Brynna,Hebner,Brynna.Hebner@yopmail.com,5624219344
352,Debee,Pernick,Debee.Pernick@yopmail.com,5624476707
353,Hermione,Catie,Hermione.Catie@yopmail.com,5624734070
354,Malina,Bonucci,Malina.Bonucci@yopmail.com,5624991433
355,Damaris,Bigner,Damaris.Bigner@yopmail.com,5625248796
356,Frances,Brandice,Frances.Brandice@yopmail.com,5625506159
357,Carilyn,McClimans,Carilyn.McClimans@yopmail.com,5625763522
358,Theodora,Emerson,Theodora.Emerson@yopmail.com,5626020885
359,Doralynne,Monaco,Doralynne.Monaco@yopmail.com,5626278248
360,Aeriela,Wenoa,Aeriela.Wenoa@yopmail.com,5626535611
361,Mariann,Newell,Mariann.Newell@yopmail.com,5626792974
362,Trixi,Raychel,Trixi.Raychel@yopmail.com,5627050337
363,Anallese,Engdahl,Anallese.Engdahl@yopmail.com,5627307700
364,Dode,Byrne,Dode.Byrne@yopmail.com,5627565063
365,Caritta,Alabaster,Caritta.Alabaster@yopmail.com,5627822426
366,Shel,Carri,Shel.Carri@yopmail.com,5628079789
367,Katuscha,Zola,Katuscha.Zola@yopmail.com,5628337152
368,Kristan,Bivins,Kristan.Bivins@yopmail.com,5628594515
369,Brynna,Francyne,Brynna.Francyne@yopmail.com,5628851878
370,Mireielle,Kosey,Mireielle.Kosey@yopmail.com,5629109241
371,Quintina,Zachary,Quintina.Zachary@yopmail.com,5629366604
372,Misha,Chem,Misha.Chem@yopmail.com,5629623967
373,Celene,Maples,Celene.Maples@yopmail.com,5629881330
374,Rhoda,Alwin,Rhoda.Alwin@yopmail.com,5630138693
375,Dede,Donell,Dede.Donell@yopmail.com,5630396056
376,Sadie,Henebry,Sadie.Henebry@yopmail.com,5630653419
377,Ann-Marie,Cordi,Ann-Marie.Cordi@yopmail.com,5630910782
378,Lila,Merell,Lila.Merell@yopmail.com,5631168145
379,Carol-Jean,Cecile,Carol-Jean.Cecile@yopmail.com,5631425508
380,Nonnah,Devlen,Nonnah.Devlen@yopmail.com,5631682871
381,Deane,Posner,Deane.Posner@yopmail.com,5631940234
382,Fidelia,Colleen,Fidelia.Colleen@yopmail.com,5632197597
383,Roxane,Wiener,Roxane.Wiener@yopmail.com,5632454960
384,Jean,Pulsifer,Jean.Pulsifer@yopmail.com,5632712323
385,Paulita,Ruvolo,Paulita.Ruvolo@yopmail.com,5632969686
386,Roz,Salchunas,Roz.Salchunas@yopmail.com,5633227049
387,Danika,Linehan,Danika.Linehan@yopmail.com,5633484412
388,Larine,Whittaker,Larine.Whittaker@yopmail.com,5633741775
389,Jsandye,Gaynor,Jsandye.Gaynor@yopmail.com,5633999138
390,Darci,Etom,Darci.Etom@yopmail.com,5634256501
391,Oona,Hubert,Oona.Hubert@yopmail.com,5634513864
392,Tobe,Weide,Tobe.Weide@yopmail.com,5634771227
393,Melina,McLaughlin,Melina.McLaughlin@yopmail.com,5635028590
394,Ilse,Bigner,Ilse.Bigner@yopmail.com,5635285953
395,Albertina,Gower,Albertina.Gower@yopmail.com,5635543316
396,Jobi,Dichy,Jobi.Dichy@yopmail.com,5635800679
397,Goldie,Kirstin,Goldie.Kirstin@yopmail.com,5636058042
398,Magdalena,Vary,Magdalena.Vary@yopmail.com,5636315405
399,Marguerite,Laurianne,Marguerite.Laurianne@yopmail.com,5636572768
400,Dorothy,Israeli,Dorothy.Israeli@yopmail.com,5636830131
401,Lila,Ogren,Lila.Ogren@yopmail.com,5637087494
402,Pamella,Belanger,Pamella.Belanger@yopmail.com,5637344857
403,Wileen,Narton,Wileen.Narton@yopmail.com,5637602220
404,Jacquetta,Ogren,Jacquetta.Ogren@yopmail.com,5637859583
405,Kaia,Jethro,Kaia.Jethro@yopmail.com,5638116946
406,Winny,Atcliffe,Winny.Atcliffe@yopmail.com,5638374309
407,Kayla,Lowry,Kayla.Lowry@yopmail.com,5638631672
408,Steffane,Fairweather,Steffane.Fairweather@yopmail.com,5638889035
409,Deirdre,Kylander,Deirdre.Kylander@yopmail.com,5639146398
410,Chastity,Gaal,Chastity.Gaal@yopmail.com,5639403761
411,Ginnie,Wenoa,Ginnie.Wenoa@yopmail.com,5639661124
412,Angela,Evangelia,Angela.Evangelia@yopmail.com,5639918487
413,Gilda,Abram,Gilda.Abram@yopmail.com,5640175850
414,Cathie,Nedrud,Cathie.Nedrud@yopmail.com,5640433213
415,Maurene,Candy,Maurene.Candy@yopmail.com,5640690576
416,Jerry,Maiah,Jerry.Maiah@yopmail.com,5640947939
417,Oralee,Minetta,Oralee.Minetta@yopmail.com,5641205302
418,Cassondra,Goddard,Cassondra.Goddard@yopmail.com,5641462665
419,Tierney,Audly,Tierney.Audly@yopmail.com,5641720028
420,Rori,Ephrem,Rori.Ephrem@yopmail.com,5641977391
421,Gertrud,Jorgan,Gertrud.Jorgan@yopmail.com,5642234754
422,Lisette,Jethro,Lisette.Jethro@yopmail.com,5642492117
423,Renie,Screens,Renie.Screens@yopmail.com,5642749480
424,Oona,Abernon,Oona.Abernon@yopmail.com,5643006843
425,Luci,Zeeba,Luci.Zeeba@yopmail.com,5643264206
426,Dorice,Old,Dorice.Old@yopmail.com,5643521569
427,Clary,Hylan,Clary.Hylan@yopmail.com,5643778932
428,Wynne,Michella,Wynne.Michella@yopmail.com,5644036295
429,Jaime,Hieronymus,Jaime.Hieronymus@yopmail.com,5644293658
430,Brana,Plato,Brana.Plato@yopmail.com,5644551021
431,Angelique,Destinee,Angelique.Destinee@yopmail.com,5644808384
432,Perry,Rogerio,Perry.Rogerio@yopmail.com,5645065747
433,Gabi,Francyne,Gabi.Francyne@yopmail.com,5645323110
434,Randa,Hermes,Randa.Hermes@yopmail.com,5645580473
435,Arabel,Sigfrid,Arabel.Sigfrid@yopmail.com,5645837836
436,Paola,Ariella,Paola.Ariella@yopmail.com,5646095199
437,Donetta,Tiffa,Donetta.Tiffa@yopmail.com,5646352562
438,Estell,Tarrant,Estell.Tarrant@yopmail.com,5646609925
439,Rubie,Brenn,Rubie.Brenn@yopmail.com,5646867288
440,Celestyna,Tatianas,Celestyna.Tatianas@yopmail.com,5647124651
441,Ketti,O'Rourke,Ketti.O'Rourke@yopmail.com,5647382014
442,Modestia,Whittaker,Modestia.Whittaker@yopmail.com,5647639377
443,Sheelagh,Yoko,Sheelagh.Yoko@yopmail.com,5647896740
444,Myriam,Stav,Myriam.Stav@yopmail.com,5648154103
445,Mahalia,Slifka,Mahalia.Slifka@yopmail.com,5648411466
446,Keelia,Dorothy,Keelia.Dorothy@yopmail.com,5648668829
447,Marita,Henrie,Marita.Henrie@yopmail.com,5648926192
448,Mariann,Fairweather,Mariann.Fairweather@yopmail.com,5649183555
449,Joelly,Wu,Joelly.Wu@yopmail.com,5649440918
450,Renae,Oscar,Renae.Oscar@yopmail.com,5649698281
451,Dione,Lilas,Dione.Lilas@yopmail.com,5649955644
452,Judy,Tyson,Judy.Tyson@yopmail.com,5650213007
453,Jessamyn,Zamora,Jessamyn.Zamora@yopmail.com,5650470370
454,Anthia,Westphal,Anthia.Westphal@yopmail.com,5650727733
455,Vonny,Roxanna,Vonny.Roxanna@yopmail.com,5650985096
456,Yetty,Auberbach,Yetty.Auberbach@yopmail.com,5651242459
457,Lynnea,Carvey,Lynnea.Carvey@yopmail.com,5651499822
458,Cristine,Darbie,Cristine.Darbie@yopmail.com,5651757185
459,Suzette,Atcliffe,Suzette.Atcliffe@yopmail.com,5652014548
460,Starla,Meli,Starla.Meli@yopmail.com,5652271911
461,Drucie,Posner,Drucie.Posner@yopmail.com,5652529274
462,Florencia,Thad,Florencia.Thad@yopmail.com,5652786637
463,Vita,Ricki,Vita.Ricki@yopmail.com,5653044000
464,Tressa,Glovsky,Tressa.Glovsky@yopmail.com,5653301363
465,Peri,Oneida,Peri.Oneida@yopmail.com,5653558726
466,Clary,Hurley,Clary.Hurley@yopmail.com,5653816089
467,Perry,Matthew,Perry.Matthew@yopmail.com,5654073452
468,Fred,Parette,Fred.Parette@yopmail.com,5654330815
469,Iseabal,Diogenes,Iseabal.Diogenes@yopmail.com,5654588178
470,Roslyn,Cherianne,Roslyn.Cherianne@yopmail.com,5654845541
471,Alisha,Fancie,Alisha.Fancie@yopmail.com,5655102904
472,Linet,Rese,Linet.Rese@yopmail.com,5655360267
473,Ebonee,Joli,Ebonee.Joli@yopmail.com,5655617630
474,Anestassia,Noam,Anestassia.Noam@yopmail.com,5655874993
475,Ursulina,Wu,Ursulina.Wu@yopmail.com,5656132356
476,Misha,Keelia,Misha.Keelia@yopmail.com,5656389719
477,Sophia,Johnsson,Sophia.Johnsson@yopmail.com,5656647082
478,Tiffie,Chinua,Tiffie.Chinua@yopmail.com,5656904445
479,Doro,Dahlia,Doro.Dahlia@yopmail.com,5657161808
480,Adriana,Pacorro,Adriana.Pacorro@yopmail.com,5657419171
481,Lolita,Suk,Lolita.Suk@yopmail.com,5657676534
482,Sibella,Marisa,Sibella.Marisa@yopmail.com,5657933897
483,Stacey,Garek,Stacey.Garek@yopmail.com,5658191260
484,Kathi,Aaberg,Kathi.Aaberg@yopmail.com,5658448623
485,Vita,Kravits,Vita.Kravits@yopmail.com,5658705986
486,Marcy,Atonsah,Marcy.Atonsah@yopmail.com,5658963349
487,Marinna,Ramona,Marinna.Ramona@yopmail.com,5659220712
488,Tersina,Bouchard,Tersina.Bouchard@yopmail.com,5659478075
489,Clarice,Ilka,Clarice.Ilka@yopmail.com,5659735438
490,Selma,Fiester,Selma.Fiester@yopmail.com,5659992801
491,Alisha,Hepsibah,Alisha.Hepsibah@yopmail.com,5660250164
492,Myriam,Graig,Myriam.Graig@yopmail.com,5660507527
493,Sue,Bivins,Sue.Bivins@yopmail.com,5660764890
494,Aurelie,Kalinda,Aurelie.Kalinda@yopmail.com,5661022253
495,Roberta,Newell,Roberta.Newell@yopmail.com,5661279616
496,Candi,Izaak,Candi.Izaak@yopmail.com,5661536979
497,Gusella,Atcliffe,Gusella.Atcliffe@yopmail.com,5661794342
498,Jolyn,Emerson,Jolyn.Emerson@yopmail.com,5662051705
499,Cristine,Rosette,Cristine.Rosette@yopmail.com,5662309068
500,Lanae,Toffic,Lanae.Toffic@yopmail.com,5662566431
501,Tani,Yuille,Tani.Yuille@yopmail.com,5662823794
502,Claresta,Garek,Claresta.Garek@yopmail.com,5663081157
503,Jobi,Torray,Jobi.Torray@yopmail.com,5663338520
504,Anallese,Rubie,Anallese.Rubie@yopmail.com,5663595883
505,Ashlee,Ciapas,Ashlee.Ciapas@yopmail.com,5663853246
506,Adele,Goode,Adele.Goode@yopmail.com,5664110609
507,Lilith,Burkle,Lilith.Burkle@yopmail.com,5664367972
508,Ofilia,Giule,Ofilia.Giule@yopmail.com,5664625335
509,Fawne,Kenney,Fawne.Kenney@yopmail.com,5664882698
510,Teriann,Longfellow,Teriann.Longfellow@yopmail.com,5665140061
511,Fredericka,Rustice,Fredericka.Rustice@yopmail.com,5665397424
512,Audrie,Zina,Audrie.Zina@yopmail.com,5665654787
513,Alameda,Estella,Alameda.Estella@yopmail.com,5665912150
514,Tatiania,Dom,Tatiania.Dom@yopmail.com,5666169513
515,Cassondra,Wallis,Cassondra.Wallis@yopmail.com,5666426876
516,Michaelina,Daveta,Michaelina.Daveta@yopmail.com,5666684239
517,Angela,Pitt,Angela.Pitt@yopmail.com,5666941602
518,Yetty,Parsaye,Yetty.Parsaye@yopmail.com,5667198965
519,Netty,Therine,Netty.Therine@yopmail.com,5667456328
520,Dorothy,Garlinda,Dorothy.Garlinda@yopmail.com,5667713691
521,Patricia,Caitlin,Patricia.Caitlin@yopmail.com,5667971054
522,Kimmy,Merell,Kimmy.Merell@yopmail.com,5668228417
523,Stephanie,Anestassia,Stephanie.Anestassia@yopmail.com,5668485780
524,Giustina,Docilla,Giustina.Docilla@yopmail.com,5668743143
525,Carolina,Sawtelle,Carolina.Sawtelle@yopmail.com,5669000506
526,Rosene,Carey,Rosene.Carey@yopmail.com,5669257869
527,Nataline,Buttaro,Nataline.Buttaro@yopmail.com,5669515232
528,Alameda,Therine,Alameda.Therine@yopmail.com,5669772595
529,Margarette,Aida,Margarette.Aida@yopmail.com,5670029958
530,Gertrud,Emanuel,Gertrud.Emanuel@yopmail.com,5670287321
531,Micheline,Hanleigh,Micheline.Hanleigh@yopmail.com,5670544684
532,Monika,Persse,Monika.Persse@yopmail.com,5670802047
533,Perry,Rugen,Perry.Rugen@yopmail.com,5671059410
534,Lindie,Ambrosia,Lindie.Ambrosia@yopmail.com,5671316773
535,Violet,Baudin,Violet.Baudin@yopmail.com,5671574136
536,Mireielle,Sancho,Mireielle.Sancho@yopmail.com,5671831499
537,Marjie,Donell,Marjie.Donell@yopmail.com,5672088862
538,Carree,Destinee,Carree.Destinee@yopmail.com,5672346225
539,Lauryn,Craggie,Lauryn.Craggie@yopmail.com,5672603588
540,Allis,Kristi,Allis.Kristi@yopmail.com,5672860951
541,Sibella,Tjon,Sibella.Tjon@yopmail.com,5673118314
542,Joelly,Dichy,Joelly.Dichy@yopmail.com,5673375677
543,Ana,Shields,Ana.Shields@yopmail.com,5673633040
544,Cristabel,Gunn,Cristabel.Gunn@yopmail.com,5673890403
545,Celene,Peonir,Celene.Peonir@yopmail.com,5674147766
546,Clo,Loring,Clo.Loring@yopmail.com,5674405129
547,Claudina,Ochs,Claudina.Ochs@yopmail.com,5674662492
548,Augustine,Narton,Augustine.Narton@yopmail.com,5674919855
549,Patricia,Estella,Patricia.Estella@yopmail.com,5675177218
550,Vonny,Jary,Vonny.Jary@yopmail.com,5675434581
551,Magdalena,Wyn,Magdalena.Wyn@yopmail.com,5675691944
552,Georgetta,Cimbura,Georgetta.Cimbura@yopmail.com,5675949307
553,Misha,Rosette,Misha.Rosette@yopmail.com,5676206670
554,Kaja,Lorain,Kaja.Lorain@yopmail.com,5676464033
555,Deane,Posner,Deane.Posner@yopmail.com,5676721396
556,Calla,Wittie,Calla.Wittie@yopmail.com,5676978759
557,Elfreda,Tristram,Elfreda.Tristram@yopmail.com,5677236122
558,Ivett,Oster,Ivett.Oster@yopmail.com,5677493485
559,Ileana,Socha,Ileana.Socha@yopmail.com,5677750848
560,Vivia,Eugenia,Vivia.Eugenia@yopmail.com,5678008211
561,Amelia,Pillsbury,Amelia.Pillsbury@yopmail.com,5678265574
562,Rosanne,Amadas,Rosanne.Amadas@yopmail.com,5678522937
563,Dianemarie,Lanita,Dianemarie.Lanita@yopmail.com,5678780300
564,Gaylene,Roscoe,Gaylene.Roscoe@yopmail.com,5679037663
565,Merry,Grobe,Merry.Grobe@yopmail.com,5679295026
566,Sibella,Madelene,Sibella.Madelene@yopmail.com,5679552389
567,Rosabelle,Zina,Rosabelle.Zina@yopmail.com,5679809752
568,Elbertina,Stelle,Elbertina.Stelle@yopmail.com,5680067115
569,Ilse,Cassius,Ilse.Cassius@yopmail.com,5680324478
570,Leontine,Hachmin,Leontine.Hachmin@yopmail.com,5680581841
571,Rozele,Genna,Rozele.Genna@yopmail.com,5680839204
572,Jordan,Karylin,Jordan.Karylin@yopmail.com,5681096567
573,Riannon,Grosz,Riannon.Grosz@yopmail.com,5681353930
574,Alyssa,Madaih,Alyssa.Madaih@yopmail.com,5681611293
575,Judy,Taima,Judy.Taima@yopmail.com,5681868656
576,Julieta,Evangelia,Julieta.Evangelia@yopmail.com,5682126019
577,Albertina,Land,Albertina.Land@yopmail.com,5682383382
578,Jaime,Lubin,Jaime.Lubin@yopmail.com,5682640745
579,Carly,Peti,Carly.Peti@yopmail.com,5682898108
580,Bobbi,Rona,Bobbi.Rona@yopmail.com,5683155471
581,Vanessa,Sibyls,Vanessa.Sibyls@yopmail.com,5683412834
582,Rosene,Jehu,Rosene.Jehu@yopmail.com,5683670197
583,Tonia,Mathilde,Tonia.Mathilde@yopmail.com,5683927560
584,Claresta,Dimitris,Claresta.Dimitris@yopmail.com,5684184923